{  
   "status":"success",
   "company_code":[  
      "022 - PPI",
      "615 - PPMX",
      "635 - PLUX",
      "649 - PPCA",
      "651 - PPPL",
      "652 - PPAU",
      "658 - PPHK",
      "665 - PPPPL",
      "671 - PPBR",
      "679 - PPRU",
      "681 - PPPJ"
   ],
   "metric_name":"",
   "week_day":"",
   "country_code":[  
      "AUSTRALIA",
      "AUSTRIA",
      "BRAZIL",
      "CANADA",
      "CHINA",
      "FRANCE",
      "GERMANY",
      "HONG KONG",
      "INDIA",
      "IRELAND",
      "ISRAEL",
      "ITALY",
      "JAPAN",
      "MEXICO",
      "NETHERLANDS",
      "OTHER PLUX",
      "OTHER PPPL",
      "POLAND",
      "RUSSIA",
      "SINGAPORE",
      "SPAIN",
      "SWITZERLAND",
      "UNITED KINGDOM",
      "UNITED STATES"
   ],
   "number_of_days":21,
   "data":{  
      "nTakeRate":{  
         "labels":[  
            [  
               "date",
               "Current",
               "7dma",
               "PriorYR",
               "PriorYR 7dma",
               "Healthscore",
               "7dma",
               "Color"
            ],
            [  
               "Sat, 20 - Oct",
               "daily",
               "7DMA",
               "Prior YR",
               "Prior YR 7DMA",
               "Health Score",
               "7DMA",
               "Color"
            ],
            [  
               "Sun, 21 - Oct",
               "daily",
               "7DMA",
               "Prior YR",
               "Prior YR 7DMA",
               "Health Score",
               "7DMA",
               "Color"
            ],
            [  
               "Mon, 22 - Oct",
               "daily",
               "7DMA",
               "Prior YR",
               "Prior YR 7DMA",
               "Health Score",
               "7DMA",
               "Color"
            ],
            [  
               "Tue, 23 - Oct",
               "daily",
               "7DMA",
               "Prior YR",
               "Prior YR 7DMA",
               "Health Score",
               "7DMA",
               "Color"
            ],
            [  
               "Wed, 24 - Oct",
               "daily",
               "7DMA",
               "Prior YR",
               "Prior YR 7DMA",
               "Health Score",
               "7DMA",
               "Color"
            ],
            [  
               "Thu, 25 - Oct",
               "daily",
               "7DMA",
               "Prior YR",
               "Prior YR 7DMA",
               "Health Score",
               "7DMA",
               "Color"
            ],
            [  
               "Fri, 26 - Oct",
               "daily",
               "7DMA",
               "Prior YR",
               "Prior YR 7DMA",
               "Health Score",
               "7DMA",
               "Color"
            ],
            [  
               "Sat, 27 - Oct",
               "daily",
               "7DMA",
               "Prior YR",
               "Prior YR 7DMA",
               "Health Score",
               "7DMA",
               "Color"
            ],
            [  
               "Sun, 28 - Oct",
               "daily",
               "7DMA",
               "Prior YR",
               "Prior YR 7DMA",
               "Health Score",
               "7DMA",
               "Color"
            ],
            [  
               "Mon, 29 - Oct",
               "daily",
               "7DMA",
               "Prior YR",
               "Prior YR 7DMA",
               "Health Score",
               "7DMA",
               "Color"
            ],
            [  
               "Tue, 30 - Oct",
               "daily",
               "7DMA",
               "Prior YR",
               "Prior YR 7DMA",
               "Health Score",
               "7DMA",
               "Color"
            ],
            [  
               "Wed, 31 - Oct",
               "daily",
               "7DMA",
               "Prior YR",
               "Prior YR 7DMA",
               "Health Score",
               "7DMA",
               "Color"
            ],
            [  
               "Thu, 01 - Nov",
               "daily",
               "7DMA",
               "Prior YR",
               "Prior YR 7DMA",
               "Health Score",
               "7DMA",
               "Color"
            ],
            [  
               "Fri, 02 - Nov",
               "daily",
               "7DMA",
               "Prior YR",
               "Prior YR 7DMA",
               "Health Score",
               "7DMA",
               "Color"
            ],
            [  
               "Sat, 03 - Nov",
               "daily",
               "7DMA",
               "Prior YR",
               "Prior YR 7DMA",
               "Health Score",
               "7DMA",
               "Color"
            ],
            [  
               "Sun, 04 - Nov",
               "daily",
               "7DMA",
               "Prior YR",
               "Prior YR 7DMA",
               "Health Score",
               "7DMA",
               "Color"
            ],
            [  
               "Mon, 05 - Nov",
               "daily",
               "7DMA",
               "Prior YR",
               "Prior YR 7DMA",
               "Health Score",
               "7DMA",
               "Color"
            ],
            [  
               "Tue, 06 - Nov",
               "daily",
               "7DMA",
               "Prior YR",
               "Prior YR 7DMA",
               "Health Score",
               "7DMA",
               "Color"
            ],
            [  
               "Wed, 07 - Nov",
               "daily",
               "7DMA",
               "Prior YR",
               "Prior YR 7DMA",
               "Health Score",
               "7DMA",
               "Color"
            ],
            [  
               "Thu, 08 - Nov",
               "daily",
               "7DMA",
               "Prior YR",
               "Prior YR 7DMA",
               "Health Score",
               "7DMA",
               "Color"
            ],
            [  
               "Fri, 09 - Nov",
               "daily",
               "7DMA",
               "Prior YR",
               "Prior YR 7DMA",
               "Health Score",
               "7DMA",
               "Color"
            ]
         ],
         "name":"% nTakeRate",
         "uom":"BPS",
         "scores":[  
            [  
               "Sat, 20 - Oct",
               271.0,
               265.0,
               287.0,
               282.0,
               988.0,
               594,
               0
            ],
            [  
               "Sun, 21 - Oct",
               273.0,
               265.0,
               287.0,
               282.0,
               173.0,
               667,
               3
            ],
            [  
               "Mon, 22 - Oct",
               263.0,
               264.0,
               281.0,
               283.0,
               970.0,
               667,
               0
            ],
            [  
               "Tue, 23 - Oct",
               264.0,
               265.0,
               288.0,
               283.0,
               780.0,
               692,
               0
            ],
            [  
               "Wed, 24 - Oct",
               265.0,
               265.0,
               280.0,
               282.0,
               173.0,
               696,
               3
            ],
            [  
               "Thu, 25 - Oct",
               265.0,
               266.0,
               287.0,
               283.0,
               896.0,
               696,
               0
            ],
            [  
               "Fri, 26 - Oct",
               262.0,
               266.0,
               281.0,
               284.0,
               981.0,
               708,
               0
            ],
            [  
               "Sat, 27 - Oct",
               270.0,
               266.0,
               287.0,
               284.0,
               967.0,
               708,
               0
            ],
            [  
               "Sun, 28 - Oct",
               276.0,
               266.0,
               287.0,
               284.0,
               173.0,
               705,
               3
            ],
            [  
               "Mon, 29 - Oct",
               265.0,
               266.0,
               265.0,
               284.0,
               994.0,
               705,
               0
            ],
            [  
               "Tue, 30 - Oct",
               247.0,
               266.0,
               268.0,
               281.0,
               69.0,
               709,
               3
            ],
            [  
               "Wed, 31 - Oct",
               256.0,
               263.0,
               130.0,
               278.0,
               16.0,
               607,
               3
            ],
            [  
               "Thu, 01 - Nov",
               271.0,
               262.0,
               281.0,
               252.0,
               831.0,
               585,
               0
            ],
            [  
               "Fri, 02 - Nov",
               261.0,
               263.0,
               276.0,
               252.0,
               983.0,
               575,
               0
            ],
            [  
               "Sat, 03 - Nov",
               266.0,
               263.0,
               285.0,
               251.0,
               906.0,
               576,
               0
            ],
            [  
               "Sun, 04 - Nov",
               273.0,
               263.0,
               291.0,
               251.0,
               173.0,
               567,
               3
            ],
            [  
               "Mon, 05 - Nov",
               259.0,
               262.0,
               278.0,
               252.0,
               914.0,
               567,
               0
            ],
            [  
               "Tue, 06 - Nov",
               264.0,
               261.0,
               285.0,
               254.0,
               832.0,
               556,
               0
            ],
            [  
               "Wed, 07 - Nov",
               266.0,
               264.0,
               279.0,
               257.0,
               173.0,
               665,
               3
            ],
            [  
               "Thu, 08 - Nov",
               267.0,
               265.0,
               286.0,
               282.0,
               959.0,
               687,
               0
            ],
            [  
               "Fri, 09 - Nov",
               260.0,
               265.0,
               282.0,
               282.0,
               987.0,
               705,
               0
            ]
         ]
      },
      "nTPV":{  
         "labels":[  
            [  
               "date",
               "Current",
               "7dma",
               "PriorYR",
               "PriorYR 7dma",
               "Healthscore",
               "7dma",
               "Color"
            ],
            [  
               "Sat, 20 - Oct",
               "daily",
               "7DMA",
               "Prior YR",
               "Prior YR 7DMA",
               "Health Score",
               "7DMA",
               "Color"
            ],
            [  
               "Sun, 21 - Oct",
               "daily",
               "7DMA",
               "Prior YR",
               "Prior YR 7DMA",
               "Health Score",
               "7DMA",
               "Color"
            ],
            [  
               "Mon, 22 - Oct",
               "daily",
               "7DMA",
               "Prior YR",
               "Prior YR 7DMA",
               "Health Score",
               "7DMA",
               "Color"
            ],
            [  
               "Tue, 23 - Oct",
               "daily",
               "7DMA",
               "Prior YR",
               "Prior YR 7DMA",
               "Health Score",
               "7DMA",
               "Color"
            ],
            [  
               "Wed, 24 - Oct",
               "daily",
               "7DMA",
               "Prior YR",
               "Prior YR 7DMA",
               "Health Score",
               "7DMA",
               "Color"
            ],
            [  
               "Thu, 25 - Oct",
               "daily",
               "7DMA",
               "Prior YR",
               "Prior YR 7DMA",
               "Health Score",
               "7DMA",
               "Color"
            ],
            [  
               "Fri, 26 - Oct",
               "daily",
               "7DMA",
               "Prior YR",
               "Prior YR 7DMA",
               "Health Score",
               "7DMA",
               "Color"
            ],
            [  
               "Sat, 27 - Oct",
               "daily",
               "7DMA",
               "Prior YR",
               "Prior YR 7DMA",
               "Health Score",
               "7DMA",
               "Color"
            ],
            [  
               "Sun, 28 - Oct",
               "daily",
               "7DMA",
               "Prior YR",
               "Prior YR 7DMA",
               "Health Score",
               "7DMA",
               "Color"
            ],
            [  
               "Mon, 29 - Oct",
               "daily",
               "7DMA",
               "Prior YR",
               "Prior YR 7DMA",
               "Health Score",
               "7DMA",
               "Color"
            ],
            [  
               "Tue, 30 - Oct",
               "daily",
               "7DMA",
               "Prior YR",
               "Prior YR 7DMA",
               "Health Score",
               "7DMA",
               "Color"
            ],
            [  
               "Wed, 31 - Oct",
               "daily",
               "7DMA",
               "Prior YR",
               "Prior YR 7DMA",
               "Health Score",
               "7DMA",
               "Color"
            ],
            [  
               "Thu, 01 - Nov",
               "daily",
               "7DMA",
               "Prior YR",
               "Prior YR 7DMA",
               "Health Score",
               "7DMA",
               "Color"
            ],
            [  
               "Fri, 02 - Nov",
               "daily",
               "7DMA",
               "Prior YR",
               "Prior YR 7DMA",
               "Health Score",
               "7DMA",
               "Color"
            ],
            [  
               "Sat, 03 - Nov",
               "daily",
               "7DMA",
               "Prior YR",
               "Prior YR 7DMA",
               "Health Score",
               "7DMA",
               "Color"
            ],
            [  
               "Sun, 04 - Nov",
               "daily",
               "7DMA",
               "Prior YR",
               "Prior YR 7DMA",
               "Health Score",
               "7DMA",
               "Color"
            ],
            [  
               "Mon, 05 - Nov",
               "daily",
               "7DMA",
               "Prior YR",
               "Prior YR 7DMA",
               "Health Score",
               "7DMA",
               "Color"
            ],
            [  
               "Tue, 06 - Nov",
               "daily",
               "7DMA",
               "Prior YR",
               "Prior YR 7DMA",
               "Health Score",
               "7DMA",
               "Color"
            ],
            [  
               "Wed, 07 - Nov",
               "daily",
               "7DMA",
               "Prior YR",
               "Prior YR 7DMA",
               "Health Score",
               "7DMA",
               "Color"
            ],
            [  
               "Thu, 08 - Nov",
               "daily",
               "7DMA",
               "Prior YR",
               "Prior YR 7DMA",
               "Health Score",
               "7DMA",
               "Color"
            ],
            [  
               "Fri, 09 - Nov",
               "daily",
               "7DMA",
               "Prior YR",
               "Prior YR 7DMA",
               "Health Score",
               "7DMA",
               "Color"
            ]
         ],
         "name":"$ nTPV",
         "uom":"millions",
         "scores":[  
            [  
               "Sat, 20 - Oct",
               864.0,
               1180.0,
               720.0,
               995.0,
               998.0,
               593,
               0
            ],
            [  
               "Sun, 21 - Oct",
               989.0,
               1182.0,
               850.0,
               994.0,
               931.0,
               600,
               0
            ],
            [  
               "Mon, 22 - Oct",
               1339.0,
               1183.0,
               1142.0,
               985.0,
               900.0,
               606,
               0
            ],
            [  
               "Tue, 23 - Oct",
               1258.0,
               1164.0,
               1069.0,
               978.0,
               945.0,
               710,
               0
            ],
            [  
               "Wed, 24 - Oct",
               1234.0,
               1157.0,
               1072.0,
               976.0,
               173.0,
               768,
               3
            ],
            [  
               "Thu, 25 - Oct",
               1279.0,
               1154.0,
               1032.0,
               980.0,
               803.0,
               768,
               0
            ],
            [  
               "Fri, 26 - Oct",
               1196.0,
               1162.0,
               991.0,
               982.0,
               924.0,
               807,
               0
            ],
            [  
               "Sat, 27 - Oct",
               885.0,
               1165.0,
               724.0,
               982.0,
               929.0,
               810,
               0
            ],
            [  
               "Sun, 28 - Oct",
               1012.0,
               1168.0,
               852.0,
               982.0,
               885.0,
               800,
               0
            ],
            [  
               "Mon, 29 - Oct",
               1372.0,
               1171.0,
               1230.0,
               983.0,
               801.0,
               794,
               0
            ],
            [  
               "Tue, 30 - Oct",
               1426.0,
               1176.0,
               1243.0,
               995.0,
               923.0,
               780,
               0
            ],
            [  
               "Wed, 31 - Oct",
               1410.0,
               1200.0,
               1272.0,
               1020.0,
               906.0,
               776,
               0
            ],
            [  
               "Thu, 01 - Nov",
               1464.0,
               1225.0,
               1146.0,
               1049.0,
               89.0,
               881,
               3
            ],
            [  
               "Fri, 02 - Nov",
               1338.0,
               1252.0,
               1084.0,
               1065.0,
               145.0,
               779,
               3
            ],
            [  
               "Sat, 03 - Nov",
               953.0,
               1272.0,
               788.0,
               1078.0,
               925.0,
               668,
               0
            ],
            [  
               "Sun, 04 - Nov",
               1108.0,
               1282.0,
               934.0,
               1087.0,
               928.0,
               667,
               0
            ],
            [  
               "Mon, 05 - Nov",
               1476.0,
               1295.0,
               1222.0,
               1099.0,
               934.0,
               673,
               0
            ],
            [  
               "Tue, 06 - Nov",
               1358.0,
               1310.0,
               1147.0,
               1098.0,
               152.0,
               692,
               3
            ],
            [  
               "Wed, 07 - Nov",
               1303.0,
               1301.0,
               1126.0,
               1084.0,
               27.0,
               582,
               3
            ],
            [  
               "Thu, 08 - Nov",
               1293.0,
               1285.0,
               1072.0,
               1063.0,
               991.0,
               457,
               0
            ],
            [  
               "Fri, 09 - Nov",
               1274.0,
               1261.0,
               1055.0,
               1053.0,
               919.0,
               586,
               0
            ]
         ]
      },
      "nCustLiab":{  
         "labels":[  
            [  
               "date",
               "Current",
               "7dma",
               "PriorYR",
               "PriorYR 7dma",
               "Healthscore",
               "7dma",
               "Color"
            ],
            [  
               "Sat, 20 - Oct",
               "daily",
               "7DMA",
               "Prior YR",
               "Prior YR 7DMA",
               "Health Score",
               "7DMA",
               "Color"
            ],
            [  
               "Sun, 21 - Oct",
               "daily",
               "7DMA",
               "Prior YR",
               "Prior YR 7DMA",
               "Health Score",
               "7DMA",
               "Color"
            ],
            [  
               "Mon, 22 - Oct",
               "daily",
               "7DMA",
               "Prior YR",
               "Prior YR 7DMA",
               "Health Score",
               "7DMA",
               "Color"
            ],
            [  
               "Tue, 23 - Oct",
               "daily",
               "7DMA",
               "Prior YR",
               "Prior YR 7DMA",
               "Health Score",
               "7DMA",
               "Color"
            ],
            [  
               "Wed, 24 - Oct",
               "daily",
               "7DMA",
               "Prior YR",
               "Prior YR 7DMA",
               "Health Score",
               "7DMA",
               "Color"
            ],
            [  
               "Thu, 25 - Oct",
               "daily",
               "7DMA",
               "Prior YR",
               "Prior YR 7DMA",
               "Health Score",
               "7DMA",
               "Color"
            ],
            [  
               "Fri, 26 - Oct",
               "daily",
               "7DMA",
               "Prior YR",
               "Prior YR 7DMA",
               "Health Score",
               "7DMA",
               "Color"
            ],
            [  
               "Sat, 27 - Oct",
               "daily",
               "7DMA",
               "Prior YR",
               "Prior YR 7DMA",
               "Health Score",
               "7DMA",
               "Color"
            ],
            [  
               "Sun, 28 - Oct",
               "daily",
               "7DMA",
               "Prior YR",
               "Prior YR 7DMA",
               "Health Score",
               "7DMA",
               "Color"
            ],
            [  
               "Mon, 29 - Oct",
               "daily",
               "7DMA",
               "Prior YR",
               "Prior YR 7DMA",
               "Health Score",
               "7DMA",
               "Color"
            ],
            [  
               "Tue, 30 - Oct",
               "daily",
               "7DMA",
               "Prior YR",
               "Prior YR 7DMA",
               "Health Score",
               "7DMA",
               "Color"
            ],
            [  
               "Wed, 31 - Oct",
               "daily",
               "7DMA",
               "Prior YR",
               "Prior YR 7DMA",
               "Health Score",
               "7DMA",
               "Color"
            ],
            [  
               "Thu, 01 - Nov",
               "daily",
               "7DMA",
               "Prior YR",
               "Prior YR 7DMA",
               "Health Score",
               "7DMA",
               "Color"
            ],
            [  
               "Fri, 02 - Nov",
               "daily",
               "7DMA",
               "Prior YR",
               "Prior YR 7DMA",
               "Health Score",
               "7DMA",
               "Color"
            ],
            [  
               "Sat, 03 - Nov",
               "daily",
               "7DMA",
               "Prior YR",
               "Prior YR 7DMA",
               "Health Score",
               "7DMA",
               "Color"
            ],
            [  
               "Sun, 04 - Nov",
               "daily",
               "7DMA",
               "Prior YR",
               "Prior YR 7DMA",
               "Health Score",
               "7DMA",
               "Color"
            ],
            [  
               "Mon, 05 - Nov",
               "daily",
               "7DMA",
               "Prior YR",
               "Prior YR 7DMA",
               "Health Score",
               "7DMA",
               "Color"
            ],
            [  
               "Tue, 06 - Nov",
               "daily",
               "7DMA",
               "Prior YR",
               "Prior YR 7DMA",
               "Health Score",
               "7DMA",
               "Color"
            ],
            [  
               "Wed, 07 - Nov",
               "daily",
               "7DMA",
               "Prior YR",
               "Prior YR 7DMA",
               "Health Score",
               "7DMA",
               "Color"
            ],
            [  
               "Thu, 08 - Nov",
               "daily",
               "7DMA",
               "Prior YR",
               "Prior YR 7DMA",
               "Health Score",
               "7DMA",
               "Color"
            ],
            [  
               "Fri, 09 - Nov",
               "daily",
               "7DMA",
               "Prior YR",
               "Prior YR 7DMA",
               "Health Score",
               "7DMA",
               "Color"
            ]
         ],
         "name":"$ nCustLiab",
         "uom":"millions",
         "scores":[  
            [  
               "Sat, 20 - Oct",
               17840.0,
               17732.0,
               15134.0,
               15069.0,
               963.0,
               815,
               0
            ],
            [  
               "Sun, 21 - Oct",
               17912.0,
               17735.0,
               15230.0,
               15074.0,
               981.0,
               810,
               0
            ],
            [  
               "Mon, 22 - Oct",
               17736.0,
               17735.0,
               15150.0,
               15076.0,
               173.0,
               819,
               3
            ],
            [  
               "Tue, 23 - Oct",
               17658.0,
               17732.0,
               15069.0,
               15088.0,
               952.0,
               819,
               0
            ],
            [  
               "Wed, 24 - Oct",
               17638.0,
               17727.0,
               15061.0,
               15094.0,
               817.0,
               820,
               0
            ],
            [  
               "Thu, 25 - Oct",
               17657.0,
               17721.0,
               15042.0,
               15101.0,
               975.0,
               801,
               0
            ],
            [  
               "Fri, 26 - Oct",
               17680.0,
               17727.0,
               15057.0,
               15104.0,
               997.0,
               804,
               0
            ],
            [  
               "Sat, 27 - Oct",
               17853.0,
               17731.0,
               15176.0,
               15106.0,
               932.0,
               836,
               0
            ],
            [  
               "Sun, 28 - Oct",
               17971.0,
               17733.0,
               15200.0,
               15112.0,
               969.0,
               832,
               0
            ],
            [  
               "Mon, 29 - Oct",
               17753.0,
               17741.0,
               15188.0,
               15107.0,
               173.0,
               830,
               3
            ],
            [  
               "Tue, 30 - Oct",
               17686.0,
               17744.0,
               15126.0,
               15113.0,
               974.0,
               830,
               0
            ],
            [  
               "Wed, 31 - Oct",
               17608.0,
               17748.0,
               15107.0,
               15121.0,
               796.0,
               833,
               0
            ],
            [  
               "Thu, 01 - Nov",
               17563.0,
               17744.0,
               15107.0,
               15128.0,
               785.0,
               830,
               0
            ],
            [  
               "Fri, 02 - Nov",
               17669.0,
               17730.0,
               15020.0,
               15137.0,
               993.0,
               803,
               0
            ],
            [  
               "Sat, 03 - Nov",
               17824.0,
               17729.0,
               15018.0,
               15132.0,
               811.0,
               803,
               0
            ],
            [  
               "Sun, 04 - Nov",
               17897.0,
               17724.0,
               15226.0,
               15109.0,
               828.0,
               785,
               0
            ],
            [  
               "Mon, 05 - Nov",
               17712.0,
               17714.0,
               15151.0,
               15113.0,
               173.0,
               765,
               3
            ],
            [  
               "Tue, 06 - Nov",
               17651.0,
               17708.0,
               15097.0,
               15107.0,
               920.0,
               765,
               0
            ],
            [  
               "Wed, 07 - Nov",
               17647.0,
               17703.0,
               15090.0,
               15103.0,
               891.0,
               758,
               0
            ],
            [  
               "Thu, 08 - Nov",
               17637.0,
               17709.0,
               15096.0,
               15101.0,
               919.0,
               771,
               0
            ],
            [  
               "Fri, 09 - Nov",
               17676.0,
               17719.0,
               15209.0,
               15099.0,
               900.0,
               790,
               0
            ]
         ]
      },
      "nRevenue":{  
         "labels":[  
            [  
               "date",
               "Current",
               "7dma",
               "PriorYR",
               "PriorYR 7dma",
               "Healthscore",
               "7dma",
               "Color"
            ],
            [  
               "Sat, 20 - Oct",
               "daily",
               "7DMA",
               "Prior YR",
               "Prior YR 7DMA",
               "Health Score",
               "7DMA",
               "Color"
            ],
            [  
               "Sun, 21 - Oct",
               "daily",
               "7DMA",
               "Prior YR",
               "Prior YR 7DMA",
               "Health Score",
               "7DMA",
               "Color"
            ],
            [  
               "Mon, 22 - Oct",
               "daily",
               "7DMA",
               "Prior YR",
               "Prior YR 7DMA",
               "Health Score",
               "7DMA",
               "Color"
            ],
            [  
               "Tue, 23 - Oct",
               "daily",
               "7DMA",
               "Prior YR",
               "Prior YR 7DMA",
               "Health Score",
               "7DMA",
               "Color"
            ],
            [  
               "Wed, 24 - Oct",
               "daily",
               "7DMA",
               "Prior YR",
               "Prior YR 7DMA",
               "Health Score",
               "7DMA",
               "Color"
            ],
            [  
               "Thu, 25 - Oct",
               "daily",
               "7DMA",
               "Prior YR",
               "Prior YR 7DMA",
               "Health Score",
               "7DMA",
               "Color"
            ],
            [  
               "Fri, 26 - Oct",
               "daily",
               "7DMA",
               "Prior YR",
               "Prior YR 7DMA",
               "Health Score",
               "7DMA",
               "Color"
            ],
            [  
               "Sat, 27 - Oct",
               "daily",
               "7DMA",
               "Prior YR",
               "Prior YR 7DMA",
               "Health Score",
               "7DMA",
               "Color"
            ],
            [  
               "Sun, 28 - Oct",
               "daily",
               "7DMA",
               "Prior YR",
               "Prior YR 7DMA",
               "Health Score",
               "7DMA",
               "Color"
            ],
            [  
               "Mon, 29 - Oct",
               "daily",
               "7DMA",
               "Prior YR",
               "Prior YR 7DMA",
               "Health Score",
               "7DMA",
               "Color"
            ],
            [  
               "Tue, 30 - Oct",
               "daily",
               "7DMA",
               "Prior YR",
               "Prior YR 7DMA",
               "Health Score",
               "7DMA",
               "Color"
            ],
            [  
               "Wed, 31 - Oct",
               "daily",
               "7DMA",
               "Prior YR",
               "Prior YR 7DMA",
               "Health Score",
               "7DMA",
               "Color"
            ],
            [  
               "Thu, 01 - Nov",
               "daily",
               "7DMA",
               "Prior YR",
               "Prior YR 7DMA",
               "Health Score",
               "7DMA",
               "Color"
            ],
            [  
               "Fri, 02 - Nov",
               "daily",
               "7DMA",
               "Prior YR",
               "Prior YR 7DMA",
               "Health Score",
               "7DMA",
               "Color"
            ],
            [  
               "Sat, 03 - Nov",
               "daily",
               "7DMA",
               "Prior YR",
               "Prior YR 7DMA",
               "Health Score",
               "7DMA",
               "Color"
            ],
            [  
               "Sun, 04 - Nov",
               "daily",
               "7DMA",
               "Prior YR",
               "Prior YR 7DMA",
               "Health Score",
               "7DMA",
               "Color"
            ],
            [  
               "Mon, 05 - Nov",
               "daily",
               "7DMA",
               "Prior YR",
               "Prior YR 7DMA",
               "Health Score",
               "7DMA",
               "Color"
            ],
            [  
               "Tue, 06 - Nov",
               "daily",
               "7DMA",
               "Prior YR",
               "Prior YR 7DMA",
               "Health Score",
               "7DMA",
               "Color"
            ],
            [  
               "Wed, 07 - Nov",
               "daily",
               "7DMA",
               "Prior YR",
               "Prior YR 7DMA",
               "Health Score",
               "7DMA",
               "Color"
            ],
            [  
               "Thu, 08 - Nov",
               "daily",
               "7DMA",
               "Prior YR",
               "Prior YR 7DMA",
               "Health Score",
               "7DMA",
               "Color"
            ],
            [  
               "Fri, 09 - Nov",
               "daily",
               "7DMA",
               "Prior YR",
               "Prior YR 7DMA",
               "Health Score",
               "7DMA",
               "Color"
            ]
         ],
         "name":"$ nRevenue",
         "uom":"millions",
         "scores":[  
            [  
               "Sat, 20 - Oct",
               23.5,
               31.3,
               20.7,
               28.2,
               872.0,
               649,
               0
            ],
            [  
               "Sun, 21 - Oct",
               27.1,
               31.3,
               24.4,
               28.1,
               173.0,
               645,
               3
            ],
            [  
               "Mon, 22 - Oct",
               35.3,
               31.3,
               32.2,
               28.1,
               896.0,
               662,
               0
            ],
            [  
               "Tue, 23 - Oct",
               33.2,
               31.1,
               30.8,
               27.7,
               825.0,
               773,
               0
            ],
            [  
               "Wed, 24 - Oct",
               32.8,
               30.7,
               30.1,
               27.6,
               886.0,
               776,
               0
            ],
            [  
               "Thu, 25 - Oct",
               34.1,
               30.7,
               29.7,
               27.8,
               900.0,
               774,
               0
            ],
            [  
               "Fri, 26 - Oct",
               31.4,
               30.9,
               27.9,
               27.9,
               996.0,
               779,
               0
            ],
            [  
               "Sat, 27 - Oct",
               23.9,
               31.1,
               20.8,
               28.1,
               942.0,
               792,
               0
            ],
            [  
               "Sun, 28 - Oct",
               28.1,
               31.1,
               24.5,
               28.1,
               173.0,
               802,
               3
            ],
            [  
               "Mon, 29 - Oct",
               36.5,
               31.2,
               32.7,
               28.1,
               404.0,
               802,
               2
            ],
            [  
               "Tue, 30 - Oct",
               35.3,
               31.4,
               33.3,
               28.1,
               902.0,
               732,
               0
            ],
            [  
               "Wed, 31 - Oct",
               36.1,
               31.7,
               16.6,
               28.4,
               174.0,
               743,
               3
            ],
            [  
               "Thu, 01 - Nov",
               39.7,
               32.2,
               32.2,
               26.5,
               72.0,
               641,
               3
            ],
            [  
               "Fri, 02 - Nov",
               35.1,
               33.1,
               29.9,
               26.9,
               73.0,
               523,
               3
            ],
            [  
               "Sat, 03 - Nov",
               25.5,
               33.5,
               22.5,
               27.2,
               811.0,
               391,
               0
            ],
            [  
               "Sun, 04 - Nov",
               30.3,
               33.7,
               27.2,
               27.4,
               15.0,
               372,
               3
            ],
            [  
               "Mon, 05 - Nov",
               38.3,
               34.1,
               34.1,
               27.8,
               132.0,
               350,
               3
            ],
            [  
               "Tue, 06 - Nov",
               35.9,
               34.3,
               32.7,
               28.1,
               902.0,
               311,
               0
            ],
            [  
               "Wed, 07 - Nov",
               34.7,
               34.4,
               31.5,
               27.9,
               920.0,
               311,
               0
            ],
            [  
               "Thu, 08 - Nov",
               34.6,
               34.2,
               30.7,
               30.1,
               929.0,
               417,
               0
            ],
            [  
               "Fri, 09 - Nov",
               33.2,
               33.5,
               29.8,
               29.8,
               173.0,
               540,
               3
            ]
         ]
      },
      "NegativeBal":{  
         "labels":[  
            [  
               "date",
               "Current",
               "7dma",
               "PriorYR",
               "PriorYR 7dma",
               "Healthscore",
               "7dma",
               "Color"
            ],
            [  
               "Sat, 20 - Oct",
               "daily",
               "7DMA",
               "Prior YR",
               "Prior YR 7DMA",
               "Health Score",
               "7DMA",
               "Color"
            ],
            [  
               "Sun, 21 - Oct",
               "daily",
               "7DMA",
               "Prior YR",
               "Prior YR 7DMA",
               "Health Score",
               "7DMA",
               "Color"
            ],
            [  
               "Mon, 22 - Oct",
               "daily",
               "7DMA",
               "Prior YR",
               "Prior YR 7DMA",
               "Health Score",
               "7DMA",
               "Color"
            ],
            [  
               "Tue, 23 - Oct",
               "daily",
               "7DMA",
               "Prior YR",
               "Prior YR 7DMA",
               "Health Score",
               "7DMA",
               "Color"
            ],
            [  
               "Wed, 24 - Oct",
               "daily",
               "7DMA",
               "Prior YR",
               "Prior YR 7DMA",
               "Health Score",
               "7DMA",
               "Color"
            ],
            [  
               "Thu, 25 - Oct",
               "daily",
               "7DMA",
               "Prior YR",
               "Prior YR 7DMA",
               "Health Score",
               "7DMA",
               "Color"
            ],
            [  
               "Fri, 26 - Oct",
               "daily",
               "7DMA",
               "Prior YR",
               "Prior YR 7DMA",
               "Health Score",
               "7DMA",
               "Color"
            ],
            [  
               "Sat, 27 - Oct",
               "daily",
               "7DMA",
               "Prior YR",
               "Prior YR 7DMA",
               "Health Score",
               "7DMA",
               "Color"
            ],
            [  
               "Sun, 28 - Oct",
               "daily",
               "7DMA",
               "Prior YR",
               "Prior YR 7DMA",
               "Health Score",
               "7DMA",
               "Color"
            ],
            [  
               "Mon, 29 - Oct",
               "daily",
               "7DMA",
               "Prior YR",
               "Prior YR 7DMA",
               "Health Score",
               "7DMA",
               "Color"
            ],
            [  
               "Tue, 30 - Oct",
               "daily",
               "7DMA",
               "Prior YR",
               "Prior YR 7DMA",
               "Health Score",
               "7DMA",
               "Color"
            ],
            [  
               "Wed, 31 - Oct",
               "daily",
               "7DMA",
               "Prior YR",
               "Prior YR 7DMA",
               "Health Score",
               "7DMA",
               "Color"
            ],
            [  
               "Thu, 01 - Nov",
               "daily",
               "7DMA",
               "Prior YR",
               "Prior YR 7DMA",
               "Health Score",
               "7DMA",
               "Color"
            ],
            [  
               "Fri, 02 - Nov",
               "daily",
               "7DMA",
               "Prior YR",
               "Prior YR 7DMA",
               "Health Score",
               "7DMA",
               "Color"
            ],
            [  
               "Sat, 03 - Nov",
               "daily",
               "7DMA",
               "Prior YR",
               "Prior YR 7DMA",
               "Health Score",
               "7DMA",
               "Color"
            ],
            [  
               "Sun, 04 - Nov",
               "daily",
               "7DMA",
               "Prior YR",
               "Prior YR 7DMA",
               "Health Score",
               "7DMA",
               "Color"
            ],
            [  
               "Mon, 05 - Nov",
               "daily",
               "7DMA",
               "Prior YR",
               "Prior YR 7DMA",
               "Health Score",
               "7DMA",
               "Color"
            ],
            [  
               "Tue, 06 - Nov",
               "daily",
               "7DMA",
               "Prior YR",
               "Prior YR 7DMA",
               "Health Score",
               "7DMA",
               "Color"
            ],
            [  
               "Wed, 07 - Nov",
               "daily",
               "7DMA",
               "Prior YR",
               "Prior YR 7DMA",
               "Health Score",
               "7DMA",
               "Color"
            ],
            [  
               "Thu, 08 - Nov",
               "daily",
               "7DMA",
               "Prior YR",
               "Prior YR 7DMA",
               "Health Score",
               "7DMA",
               "Color"
            ],
            [  
               "Fri, 09 - Nov",
               "daily",
               "7DMA",
               "Prior YR",
               "Prior YR 7DMA",
               "Health Score",
               "7DMA",
               "Color"
            ]
         ],
         "name":"$ NegativeBal",
         "uom":"millions",
         "scores":[  
            [  
               "Sat, 20 - Oct",
               270.0,
               270.0,
               262.0,
               240.0,
               985.0,
               440,
               0
            ],
            [  
               "Sun, 21 - Oct",
               270.0,
               270.0,
               241.0,
               244.0,
               972.0,
               449,
               0
            ],
            [  
               "Mon, 22 - Oct",
               270.0,
               270.0,
               248.0,
               245.0,
               811.0,
               453,
               0
            ],
            [  
               "Tue, 23 - Oct",
               271.0,
               270.0,
               233.0,
               247.0,
               455.0,
               457,
               2
            ],
            [  
               "Wed, 24 - Oct",
               277.0,
               270.0,
               241.0,
               246.0,
               596.0,
               500,
               1
            ],
            [  
               "Thu, 25 - Oct",
               272.0,
               271.0,
               241.0,
               235.0,
               70.0,
               570,
               3
            ],
            [  
               "Fri, 26 - Oct",
               273.0,
               272.0,
               241.0,
               235.0,
               102.0,
               569,
               3
            ],
            [  
               "Sat, 27 - Oct",
               268.0,
               272.0,
               241.0,
               235.0,
               952.0,
               570,
               0
            ],
            [  
               "Sun, 28 - Oct",
               267.0,
               272.0,
               241.0,
               235.0,
               953.0,
               565,
               0
            ],
            [  
               "Mon, 29 - Oct",
               271.0,
               271.0,
               241.0,
               235.0,
               958.0,
               562,
               0
            ],
            [  
               "Tue, 30 - Oct",
               272.0,
               271.0,
               241.0,
               235.0,
               966.0,
               583,
               0
            ],
            [  
               "Wed, 31 - Oct",
               270.0,
               271.0,
               241.0,
               235.0,
               108.0,
               656,
               3
            ],
            [  
               "Thu, 01 - Nov",
               281.0,
               270.0,
               241.0,
               235.0,
               119.0,
               587,
               3
            ],
            [  
               "Fri, 02 - Nov",
               272.0,
               272.0,
               241.0,
               235.0,
               81.0,
               594,
               3
            ],
            [  
               "Sat, 03 - Nov",
               265.0,
               272.0,
               241.0,
               235.0,
               916.0,
               591,
               0
            ],
            [  
               "Sun, 04 - Nov",
               266.0,
               271.0,
               241.0,
               235.0,
               970.0,
               585,
               0
            ],
            [  
               "Mon, 05 - Nov",
               265.0,
               271.0,
               241.0,
               235.0,
               834.0,
               588,
               0
            ],
            [  
               "Tue, 06 - Nov",
               266.0,
               270.0,
               241.0,
               235.0,
               832.0,
               570,
               0
            ],
            [  
               "Wed, 07 - Nov",
               271.0,
               269.0,
               241.0,
               235.0,
               113.0,
               551,
               3
            ],
            [  
               "Thu, 08 - Nov",
               268.0,
               269.0,
               241.0,
               235.0,
               48.0,
               552,
               3
            ],
            [  
               "Fri, 09 - Nov",
               269.0,
               268.0,
               241.0,
               235.0,
               59.0,
               542,
               3
            ]
         ]
      }
   }
}